subreddit,title,content,upvotes,upvote_ratio,comments_count,author,timestamp,post_id,engagement,engagement_level
science,New thermal material provides 72% better cooling than conventional paste | It reduces the need for power-hungry cooling pumps and fans,,5639,0.96,291,chrisdh79,2024-11-12 06:18:30,1gpjelz,5930,High
science,"Congress members less outspoken against COVID-19 policies after personal infections, study finds | These individuals tended to decrease their opposition to COVID-19-related government policies on social media by approximately 30% on average.",,2204,0.96,40,chrisdh79,2024-11-12 09:11:31,1gpmw41,2244,High
science,"Lucid dreaming app triples users' awareness in dreams, study finds | Researchers at Northwestern University showed that a smartphone app using sensory cues can significantly increase the frequency of lucid dreams—dreams in which a person is aware they are dreaming while still asleep.",,768,0.96,147,a_Ninja_b0y,2024-11-12 14:01:49,1gptxn4,915,High
science,"A study finds that during the peak of the COVID-19 pandemic (in 2020), heavy drinking among adult Americans increased by over 20%, overall alcohol use by 4%, and these increases persisted for the next two years",,992,0.97,59,giuliomagnifico,2024-11-12 10:34:21,1gpou8a,1051,High
science,"Teens do not typically turn to electronic nicotine vapes to curb smoking habits, but instead to alleviate boredom, relax and experiment, according to University of Michigan research published in Pediatrics",,917,0.96,51,umichnews,2024-11-12 10:47:39,1gpp5yo,968,High
science,"A common food additive may be messing with your brain. Food manufacturers love using emulsifiers, but they can harm the gut-brain axis. Emulsifiers helped bacteria invade the mucus layer lining the gut, leading to systemic inflammation, metabolic disorders, higher blood sugar and insulin resistance.",,313,0.95,35,mvea,2024-11-12 15:28:53,1gpw1pa,348,High
science,"Pursuing happiness as a primary goal may be misguided. The more you focus on the need to be happy, the more pressure you feel to achieve it, potentially leading to feelings of failure. Happiness should be the outcome of doing things you love, not the primary goal, suggests study of 8,331 people.",,1629,0.96,58,mvea,2024-11-12 05:09:47,1gpibk5,1687,High
science,"Decentralized social media ‘increases citizen empowerment’, says Oxford study",,347,0.95,13,thebelsnickle1991,2024-11-12 11:15:48,1gppul1,360,High
science,Northeastern researchers create stretchable plastic that dissolves in water and promises to combat our global pollution crisis,,326,0.95,45,ChallengeAdept8759,2024-11-12 10:50:32,1gpp8gc,371,High
science,‘Sleepy cannabis’: First study to show cannabinol (CBN) increases sleep - A new study shows that a non-hallucinogenic marijuana constituent increases both REM and non-REM sleep in rats. Human trials are now under way.,,4849,0.97,386,mvea,2024-11-11 19:53:13,1gp9nn9,5235,High
science,"Experiencing trauma in childhood is known to increase the risk of substance use such as drugs, alcohol and vaping | Researchers say this means efforts to prevent vaping in teens should include the targeting of young people with traumatic backgrounds.",,642,0.97,48,chrisdh79,2024-11-12 06:33:18,1gpjo77,690,High
science,Plastic-eating insect discovered in Kenya,,20530,0.96,813,CookMotor,2024-11-11 13:18:09,1gp0ibi,21343,High
science,First-of-Its-Kind Glowing Sea Creature Discovered in Ocean's 'Midnight Zone',,171,0.98,1,a_Ninja_b0y,2024-11-12 11:15:23,1gppu8e,172,High
science,"The ""Community Notes"" (formerly ""Birdwatch"") feature on X/Twitter did not significantly slow the spread of misinformation on X/Twitter, because it was too slow",,133,0.89,17,asbruckman,2024-11-12 11:48:26,1gpqn6o,150,High
science,"Researchers document 77% population decrease on average in African elephants, using data on population surveys conducted at 475 sites in 37 countries from 1964 through 2016.",,342,0.98,4,Hashirama4AP,2024-11-12 04:05:29,1gphft7,346,High
science,"Brain cells reprogrammed into neurons break new ground in regenerative medicine, offering hope for restoring dysfunctional brain circuits, such as those seen in epilepsy",,150,0.95,4,giuliomagnifico,2024-11-12 08:10:13,1gplkaz,154,High
science,Mixed reality game may help kids be more active,,45,0.84,6,universityofga,2024-11-12 13:53:11,1gptpxk,51,High
science,Humanity has warmed the planet by 1.5°C since 1700,,7163,0.94,435,New_Scientist_Mag,2024-11-11 10:40:08,1gowiqs,7598,High
science,"Adolescent women who lived in a location with fewer abortion restrictions and adolescent women who had an abortion (compared to a live birth) are more likely to have graduated from college, have higher incomes, and have greater financial stability over the subsequent 25 years.",,11237,0.89,720,smurfyjenkins,2024-11-11 09:02:47,1gou73r,11957,High
science,Mental fatigue leads to loss of self-control by putting brain areas to sleep | Study identifies sleep-like activity in the brain of people subjected to demanding mental tasks is associated with a greater tendency to aggressivity,,2855,0.99,37,FunnyGamer97,2024-11-11 14:51:55,1gp2ueu,2892,High
science,Driving Under the Cognitive Influence of COVID-19: Exploring the Impact of Acute SARS-CoV-2 Infection on Road Safety,,51,0.86,11,goodmammajamma,2024-11-12 11:32:28,1gpq9en,62,High
science,Next-generation metagenomic sequencing test developed at UCSF can diagnose nearly any infection by rapidly detecting almost any kind of pathogen | The genomic test identified pathogens accurately 86% of time. This test could also detect respiratory viruses with pandemic potential in less than a day.,,143,0.94,5,Hashirama4AP,2024-11-12 05:35:37,1gpipi4,148,High
science,"Elephants tool use: Not only are elephants profficient at using water hoses to shower, but they demonstrate second-order tool use by sabotaging each other",,1964,0.99,25,mareacaspica,2024-11-11 14:28:08,1gp28wp,1989,High
science,Cannabis and alcohol use patterns linked to couples’ relationship quality | These findings suggest that the way partners use substances can impact the quality of their relationship in measurable ways.,,2399,0.95,137,chrisdh79,2024-11-11 13:01:11,1gp038u,2536,High
science,People with psychopathic traits fail to learn from painful outcomes,,7523,0.95,386,mvea,2024-11-11 05:01:53,1gopof9,7909,High
science,"When listening to sounds without being told to visualise anything, Aphantasics show activity in visual areas of the brain but not an area associated with subjective experiences - Visualisers show activity in both",,29,0.9,2,Hayred,2024-11-12 10:25:45,1gpomp7,31,High
science,Age related health decline a predictor of future dementia risk,,13,0.82,4,Spirited-Peanut7991,2024-11-12 13:32:00,1gpt7bj,17,High
science,"London's congestion pricing scheme successfully reduced traffic in downtown London, as well as surrounding suburbs. The benefits are progressive, as lower-income workers in the suburbs experience less traffic whereas high-income earners who live downtown use public transit or pay the tolls.",,8,1.0,1,smurfyjenkins,2024-11-12 16:17:31,1gpx6nj,9,High
science,"A new study reveals that male and female mice process threats differently in the brain, even though their behavioral responses are similar.",,16,0.7,1,a_Ninja_b0y,2024-11-12 11:12:21,1gpprmp,17,High
science,"Wind from Uranus made it harder to probe - Voyager 2 flyby of Uranus in 1986 may have occurred during a rare intense solar wind event, that only occurs about 4% of the time, giving the impression that Uranus is more similar to the other giant planets in the solar system than it actually is.",,621,0.96,49,mvea,2024-11-11 13:46:54,1gp17nz,670,High
science,World's Largest Predation Event Ever Recorded Captured in Norway | More than 10 million schooling capelin were devoured by cod collecting off the coast of Norway within just a few hours in what's claimed to be the largest predatory slaughter ever recorded.,,2865,0.98,47,sciencealert,2024-11-11 05:20:20,1gopye8,2912,High
science,"Goodbye to traumatic memories: researchers discovered that by artificially acidifying a special type of cell (astrocytes) in mice, they could prevent long-term memories from being recalled without affecting short-term memory",,1077,0.95,145,giuliomagnifico,2024-11-11 10:09:28,1govs9j,1222,High
science,Dr Shanna Swan - The Effects of BPAs and Pthalates on Reproductive Health,,5,0.86,2,BinChicken4077,2024-11-12 16:21:20,1gpx9xq,7,High
science,"A team of researchers has for the first time cured patients with a lethal skin disease (Toxic epidermal necrolys), in a study that could lead to an approved curative therapy for the deadly condition",,447,0.98,8,giuliomagnifico,2024-11-11 14:20:00,1gp21dt,455,High
science,Engineers found a way to make stronger and crack-resistant concrete with scrap carpet fibres | The research team is engaging with partners to conduct field studies of on-ground slabs made of reclaimed textiles.,,932,0.98,30,chrisdh79,2024-11-11 09:52:35,1govdg9,962,High
science,"New article explores hidden challenges in academic geoscience communication, highlighting the need for clear goals, better training, and recognition for communicators.",,25,0.82,1,calliope_kekule,2024-11-12 05:18:44,1gpig7w,26,High
science,New study links air pollution with higher rates of head and neck cancer | Analysis of data from the U.S. Surveillance Epidemiology and End Results' national cancer database for the years 2002-12 revealed highest association of PM2.5 exposure with head and neck cancer after a five-year lag period.,,3,1.0,2,Hashirama4AP,2024-11-12 16:23:08,1gpxbel,5,High
science,Better biodiversity ensures forest timber stays economically viable over time,,170,0.97,2,amesydragon,2024-11-11 15:22:40,1gp3lms,172,High
science,"In gun-policy subreddits (conservative pro-gun, liberal pro-gun, and liberal anti-gun), fear of being downvoted and losing karma and social approval of peers causes people to hesitate to say anything in conflict with group norms",,410,0.8,227,asbruckman,2024-11-11 10:08:34,1govrhv,637,High
science,"Rising heat exposure threatens maternal and newborn health, according to a review of 198 studies across 66 countries for the impact of heat on maternal, foetal, and neonatal health",,439,0.96,8,giuliomagnifico,2024-11-11 07:59:16,1gosspv,447,High
science,"A Solar Anomaly in 1986 May Have Warped Voyager 2's  Perception of Uranus, Changing Our Understanding of The Planet's Magnetic Field",,120,0.97,7,sciencealert,2024-11-11 13:40:49,1gp128d,127,High
science,"Children with asthma may have more memory difficulties. Research found that children with any asthma history not only showed lower scores for episodic memory, but also for processing speed and inhibition and attention.",,170,0.96,2,Wagamaga,2024-11-11 11:13:20,1goxdhl,172,High
science,"E-cigarettes pose unique risks to people with medical conditions | New research shows that individuals with pre-existing medical conditions are significantly more likely to experience sudden health issues after using an e-cigarette, with symptoms differing based on each person’s condition.",,0,0.5,6,SortFantastic4683,2024-11-12 14:24:02,1gpugqy,6,High
science,"IRS audits are extremely effective at raising revenue, both directly and indirectly (by deterring future tax cheating): ""An additional $1 spent auditing taxpayers above the 90th income percentile yields more than $12 in revenue, while audits of below-median income taxpayers yield $5.""",,11912,0.96,308,smurfyjenkins,2024-11-10 11:30:09,1go5vuz,12220,High
science,Understanding how plants continue to produce wood. A new international study sheds light on what is the role of stem cells in wood formation throughout the life span of a plant. ,,327,0.99,4,KoalaWide2345,2024-11-11 05:27:14,1goq26s,331,High
science,"Defense or growth - the more a plant species invests in defense, the less potential it has for growth, according to a new study. Research made possible by open science provides new insights into plant adaptation and interspecies variation. ",,605,0.98,22,KoalaWide2345,2024-11-11 02:10:06,1goncsz,627,High
science,"Atlantic comb jelly turns back to baby, reverses aging when stressed | The sea walnut’s life-cycle plasticity could offer insights into how ancient animal lineages adapted to challenging conditions.",,277,0.96,10,chrisdh79,2024-11-11 06:22:18,1goqxqo,287,High
science,"Scientists Track Brain Function as Folks Watch Movies. The brain's ""executive control"" networks -- regions related to planning, solving problems and prioritizing information -- tend to kick in when a movie's content is more difficult to follow or ambiguous",,81,0.92,3,Wagamaga,2024-11-11 12:34:19,1gozenr,84,High
science,Crosslinking of Ly6a metabolically reprograms CD8 T cells for cancer immunotherapy,,1,0.56,2,Yogurt789,2024-11-12 11:54:44,1gpqskq,3,Medium
science,"New study: Plastic pollution worsens the impacts of all 9 planetary boundaries, including climate change, ocean acidification and biodiversity loss, affecting the environment, health, and human wellbeing. Over 500 million tons of plastics are produced annually, yet only 9% are recycled worldwide.",,3207,0.98,79,mvea,2024-11-10 16:03:47,1goc98o,3286,High
science,"In this systematic review and meta-analysis of 10 studies involving 16.5 million pregnant women, methylphenidate and atomoxetine were not associated with a significant increase in congenital anomalies or miscarriages compared with unexposed pregnancies among women with ADHD",,131,0.94,2,BlitzOrion,2024-11-11 07:59:33,1gossxo,133,High
science,Uric acid combined with obesity indices are robust markers for prediction of Insulin Resistance and elevated liver transaminases in children and adolescents. ,,143,0.98,16,vikramskumar,2024-11-11 07:01:08,1gormr7,159,High
science,Microbial community structure in recovering forests of Mount St. Helens - (aka let gophers fix disaster areas),,78,0.92,5,gordonjames62,2024-11-11 09:06:51,1gouah6,83,High
science,Researchers at the Icahn School of Medicine at Mount Sinai have discovered a way that ovarian cancer tumors manipulate their environment to resist immunotherapy and identified a drug target that could overcome that resistance.,,247,0.98,1,lakshayv772,2024-11-11 00:37:40,1gom2b1,248,High
science,A study found that eating overnight may increase night shift workers' risk of chronic health conditions: avoiding large meals during night shifts and eating mainly during the day could be a simple way to improve health outcomes,,3362,0.86,182,giuliomagnifico,2024-11-10 10:37:59,1go4nyw,3544,High
science,"Missed deadlines lead people to judge work more harshly. Research suggests it is better to submit work on time rather than perfecting it through procrastination. Work completed late was viewed as significantly lower quality than the same piece of work delivered on time, the study found.",,3397,0.98,46,mvea,2024-11-10 10:29:30,1go4h53,3443,High
science,Scientists have uncovered functionality of a genetic variant in the prostate specific antigen (PSA) gene to improve the current diagnostic test to help distinguish aggressive from non-aggressive prostate cancers and the level of treatment the patient need,,180,0.98,1,SilverDragon1,2024-11-11 02:07:03,1gonbf5,181,High
science,"Muscle-strengthening activity associated with alcohol consumption and binge drinking among U.S. college students | With each additional day of muscle-strengthening activity, BD reporting was 20.9% higher, and individuals with muscle-strengthening activity had 93.2% higher odds of reporting BD.",,1413,0.94,110,FunnyGamer97,2024-11-10 12:51:29,1go7s9k,1523,High
science,"Study finds stimulant exposure, for a two-year period under real-world conditions in ADHD children modulated striatal-cortical functional networks broadly, had a normalizing effect on a subset of networks, and was associated with potential therapeutic effects involving visual attentional control    ",,3832,0.98,188,BlitzOrion,2024-11-10 05:04:12,1gnyarb,4020,High
science,"Study links childhood adversity to stress, sleep loss, and later attention deficits. Early-life adversity in mice caused lasting attention issues in males, not females, revealing a brain mechanism underlying it: an imbalance in dopamine receptors",,1833,0.97,89,giuliomagnifico,2024-11-10 07:53:50,1go155r,1922,High
science,"Being involuntarily single can affect emotional well-being. On average, people in relationships had higher life satisfaction than singles. Singles, even involuntary ones, had higher life satisfaction than people in bad relationships, finds new study from 12 countries. ",,2773,0.94,157,mvea,2024-11-10 05:04:31,1gnyax3,2930,High
science,"An anthropologist introduces an innovative idea about why humans dominate the world over other animals: we excel and are unique due to ""open-endedness""—our ability to communicate and understand an infinite number of possibilities in life",,493,0.9,55,giuliomagnifico,2024-11-10 14:10:11,1go9m3t,548,High
science,People whose parents suffered from substance use disorders are more likely to develop psychiatric disorders | The risk was found to be 80% higher for males and 56% higher for females.,,828,0.97,30,chrisdh79,2024-11-10 11:04:44,1go5al2,858,High
science,World-first stem-cell treatment restores vision in people - Three people with severely impaired vision who received stem-cell transplants have experienced substantial improvements in their sight that have persisted for more than a year.,,12163,0.97,108,mvea,2024-11-09 19:31:58,1gnpfuw,12271,High
science,"Researchers discovered that SARS-CoV-2 hijacks three important host proteins that dampen the activity of the complement system, a key component of early antiviral immunity. This significantly impairs viral clearance clearance from the body.",,1846,0.98,46,lakshayv772,2024-11-09 21:25:42,1gnrhoe,1892,High
science,"'Brain stars' store our memories like a microscopic filing cabinet | Researchers found that fear conditioning in mice – a learning process – triggered a subset of astrocytes that express the c-Fos gene, which plays a key role in circuitry in the brain.  ",,390,0.96,7,chrisdh79,2024-11-10 05:44:44,1gnywcm,397,High
science,"Earworms (involuntary musical memories) are widespread, affecting over 90% of people. Earworms may be stored more precisely in our brains than we think. Nearly half of the sung renditions matched the original pitch of the songs, challenging previous beliefs about limits of musical memory.",,3170,0.96,219,mvea,2024-11-09 14:25:12,1gnj2xu,3389,High
science,"Extreme weather is contributing to undocumented migration and return between Mexico and the United States, suggesting that more migrants could risk their lives crossing the border as climate change fuels droughts",,5009,0.91,242,Wagamaga,2024-11-09 07:38:50,1gnaajq,5251,High
science,"New research suggests that a person's feelings towards a parent from their childhood can significantly change when evaluated during talk therapy, even when the questions aren't suggestive",,2151,0.98,71,giuliomagnifico,2024-11-09 09:47:15,1gncxg7,2222,High
science,Gal-3 blocks the binding between PD-1 and pembrolizumab (brand name: Keytruda),,35,0.72,2,take-a-gamble,2024-11-10 07:41:14,1go0wqn,37,High
science,"Research reveals music and soundscapes used in toy commercials are reinforcing rigid gender norms, shaping the way children perceive masculinity and femininity",,641,0.86,60,thebelsnickle1991,2024-11-09 13:11:14,1gnhghp,701,High
science,"Investigating the links between objective social media use, attentional control, and psychological distress",,173,0.96,3,johntwit,2024-11-09 20:00:19,1gnpyiw,176,High
science,"Cannabis can help some people – but not everyone – sleep. New study explains cannabis can help young adults with depression or anxiety have improved sleep, but otherwise could worsen sleep problems for those without pre-existing mental health conditions. ",,1917,0.96,141,mvea,2024-11-09 06:42:42,1gn9a5h,2058,High
science,"Several Denisovan populations, who likely had an extensive geographical range, were adapted to distinct environments and passed on some of their genes via multiple, distinct interbreeding events that helped shape early human history.",,321,0.97,9,MistWeaver80,2024-11-09 12:45:33,1gngw1y,330,High
science,"Vegetarian, including vegan, dietary patterns likely reduce hemoglobin A1c and body mass index, may allow for reduced diabetes medication, and may improve metabolic clearance of glucose compared with nonvegetarian dietary patterns in patients with type 2 diabetes mellitus, systematic review finds",,619,0.89,103,James_Fortis,2024-11-09 08:19:12,1gnb2we,722,High
science,"Study finds nearly 70% of grocery shoppers reduced red meat consumption, primarily citing health (64%) and price (32%) as the reasons; health (85%) and taste (84%) were rated as the most important considerations when purchasing meat overall",,3222,0.94,229,FunnyGamer97,2024-11-08 23:15:02,1gn2uo0,3451,High
science,"Deep ocean clues to a million-year-old Ice Age puzzle revealed in new study, which provides fresh insights into the ocean’s role in climate during the Mid-Pleistocene Transition, an enigmatic interval of change in climate cycles that began about one million years ago.",,246,0.98,4,lakshayv772,2024-11-09 12:38:36,1gngqjm,250,High
science,"""Across the entire set of analyses presented, status threat was the most consistent predictor of a number of beliefs and attitudes. This includes beliefs in conspiracies (paranoid social cognition), feelings about demographic change, belief in a sexism shift, and the Great Replacement Theory"".",,1010,0.93,75,BrianOBlivion1,2024-11-09 04:49:15,1gn7jru,1085,High
science,"Research: To break bad habits (a) use a new reward system (play a favorite video game after cleaning) (b) change context cues to prevent activation of old habit (don't walk by the bakery on the way home from work) (c) impose friction (put the alcoholic drinks in the garage, not on the counter).",,2639,0.97,60,einsteinfrankenstein,2024-11-08 20:09:32,1gmzkpy,2699,High
science,"Fox News has shifted the ideology and partisan identity of Americans rightward over the period 2000–2020: ""An increase of 0.05 rating points in Fox News viewership, induced by exogenous changes in channel placement, has increased Republican vote shares by at least 0.5 percentage points.""",,6386,0.87,430,smurfyjenkins,2024-11-08 13:47:49,1gmra46,6816,High
science,"Fire-prone neighborhoods on the fringes of nature are rapidly expanding.
Since 2000, the zone where development abuts wildlands has grown 35 percent globally. A total area that’s roughly the size of Mexico",,167,0.95,6,Wagamaga,2024-11-09 04:58:49,1gn7ohh,173,High
science,"Memories are not only in the brain, new research finds. Learning and memory are generally associated with brains and brain cells alone, but this study shows that other cells in the body can learn and form memories, too.
",,6839,0.98,177,lakshayv772,2024-11-08 08:58:41,1gmkgeu,7016,High
science,"Individuals who attend religious services more frequently are more likely to see their pornography use as compulsive, even when their viewing frequency might not suggest a clinical issue, finds a new study comparing Mormons to the general population. ",,1352,0.94,95,mvea,2024-11-08 16:44:45,1gmvcj4,1447,High
science,"New research provides evidence that the general use of negative words in natural language are associated with elevated symptoms of depression and anxiety over time, regardless of individual mental health status.",,1850,0.97,55,Wagamaga,2024-11-08 14:16:55,1gmryh2,1905,High
science,"In a cross-sectional study of pregnancy-associated homicide rates, barriers to divorce were associated with higher homicide rates and access to reproductive health care was associated with lower homicide rates.",,436,0.94,9,Hashirama4AP,2024-11-08 21:21:59,1gn0wgh,445,High
science,Forest-conservation efforts in China are paying off — by drawing carbon out of the atmosphere and reducing the effects of climate change. Satellite observations validate national reports on forest coverage and carbon storage.,,1328,0.97,16,MistWeaver80,2024-11-08 13:05:45,1gmqbjh,1344,High
science,"Both new mothers and fathers experience increased insecurity about their physical appearance, along with a decline in sexual frequency and satisfaction as they transition into parenthood. However, new parents are more likely to underestimate their partner’s physical attraction to them.",,2820,0.97,20,mvea,2024-11-08 07:15:46,1gmi8zd,2840,High
science,Cannabis use in early pregnancy not linked to ADHD or behavioral disorders in kids,,3946,0.89,254,mvea,2024-11-08 05:00:22,1gmfyki,4200,High
science,Tree planting is no climate solution at northern high latitudes,,1206,0.95,49,TheArcticBeyond,2024-11-08 11:12:12,1gmnlnw,1255,High
science,Miniature backpack-like tags offer insight into the movement of hummingbirds,,59,0.87,2,mareacaspica,2024-11-09 02:39:30,1gn5t1c,61,High
science,Search-engine users tend to land on unreliable websites after deliberate searches for such sites. Analysis of billions of pages of results from searches using the Bing algorithm suggests that reliable sites appear in search results 19 to 45 times more often than do sites with low-quality content.,,586,0.92,58,MistWeaver80,2024-11-08 13:11:59,1gmqgmi,644,High
science,"Novel way to beat mosquito-spread diseases such as dengue, yellow fever and Zika: Deaf mosquitoes stop having sex. A new study found that the effect of the gene knock-out was ""absolute"", as mating by deaf males was entirely eliminated.",,4757,0.98,167,mvea,2024-11-07 23:29:01,1gmbd9j,4924,High
science,"USU biochemists report breakthrough research finding that could simplify genetic transfer of nitrogen fixation to crops, which could enable them to utilize atmospheric N2.",,1080,0.98,43,Hashirama4AP,2024-11-08 07:06:02,1gmi28o,1123,High
science,Scaling in the brain | Brain Multiphysics [Dec 2024],,0,0.38,5,NeuronsToNirvana,2024-11-10 05:20:28,1gnyjeo,5,High
science,After 12 warm years the Pine Island Glacier in Antarctica could irreversibly retreat.,,280,0.95,6,IntrepidGentian,2024-11-08 13:25:21,1gmqrmd,286,High
science,"The importance of kindness in the workplace: academics who receive kindness have a stronger institutional identity, better well-being, and less stress. They’re also more likely to perform acts of kindness themselves. It also demonstrates that kindness can be reliably measured in students and faculty",,654,0.96,9,giuliomagnifico,2024-11-08 08:14:44,1gmjh8c,663,High
science,"Researchers develop promising new genetic breast cancer model: Loss of E2F5 gene results in altered regulation of Cyclin D1, a protein linked to metastatic breast tumors after long latency.",,45,0.84,1,FunnyGamer97,2024-11-08 21:30:11,1gn11iu,46,High
science,Teens with borderline personality disorder symptoms may shift from self harm to substance use over time,,332,0.92,35,Hashirama4AP,2024-11-08 10:06:54,1gmm1dw,367,High
science,"Research revealed the prevalence of fake social media accounts using AI-generated images and their involvement with the spread of misinformation online. More than half of the accounts with fake images were first created in 2023; in some cases, hundreds of accounts were set up in a matter of hours",,1057,0.98,23,Wagamaga,2024-11-08 03:32:38,1gmerfc,1080,High
science,"Flu cases dropped by 95% during the start of the pandemic as COVID-19 restrictions changed the way flu spread around the globe, but flu continued to spread in places with fewer restrictions and its global spread restarted once international air travel resumed.",,5314,0.96,147,SilverDragon1,2024-11-07 18:30:50,1gm5qyq,5461,High
technology,Hi! We're the hosts of WIRED's new tech culture podcast Uncanny Valley. AM(us)A!,"Hello r/technology! Lauren Goode, Michael Calore, and Zoë Schiffer here! We're the hosts of WIRED's new tech podcast Uncanny Valley—an insider look at the people, power, and influence of Silicon Valley. Whether it’s the latest skirmish between tech CEOs, the rapid expansion of generative AI, or the mysterious departure of high-ranking employees from high-value startups, we’ll explain why these matter and how they affect you. Let's get questioning (and we hope to answer as much as possible!)

https://preview.redd.it/d881xxgatxxd1.png?width=1920&format=png&auto=webp&s=3273673a09b476a4b5974aaabd07579cf29e8880

",40,0.73,49,wiredmagazine,2024-10-30 13:32:50,1gftoz0,89,High
technology,I Hacked NASA and they thanked me for it - Ask Me Anything! ,"Hey! 7h3h4ckv157 here...

I'm a Self Taught Hacker and Offensive-Security Professional. I recently hacked u/NASA (again) and reported some vulnerabilities to them, they even sent me an appreciation letter after they patching the loopholes! ([proof](https://x.com/7h3h4ckv157/status/1839329242544476316)).

Are you curious about Hacking and planning to start a career in it?  
Well, I’m here to help - Ask Me Anything!

[7h3h4ckv157 ](https://preview.redd.it/wkflcgjglmzd1.jpg?width=4032&format=pjpg&auto=webp&s=b1cf8bdd4879de40a49d1462e53bb3f3e96ccd9a)

  
",0,0.33,181,[deleted],2024-11-08 01:00:57,1gmcrja,181,High
technology,"Trump expected to try to halt TikTok ban, allies say",,1469,0.92,276,indig0sixalpha,2024-11-12 13:43:01,1gpth9g,1745,High
technology,Russia Issues Ominous Warning About Undersea Internet Cables,,6479,0.94,880,Aggravating_Set_8861,2024-11-12 05:26:40,1gpikhr,7359,High
technology,Will the CHIPS Act survive a Trump presidency?,,1501,0.92,292,Resident-Camp-5021,2024-11-12 07:40:54,1gpkyjv,1793,High
technology,"Bluesky adds 700,000 new users in a week / A ‘majority' of the new users are from the US, indicating that people are searching for a new platform as an alternative to X.",,23097,0.9,1508,mangopear,2024-11-11 19:53:07,1gp9nkr,24605,High
technology,"Windows 7 and 8 now dead for gaming, as new Steam update pulls support / After a recent update, Steam is no longer working on the Windows 7 and Windows 8 operating systems, and users will finally need to upgrade.",,705,0.95,136,a_Ninja_b0y,2024-11-12 11:02:37,1gppj42,841,High
technology,"Trump's Re-Election Could Reignite Battle Over Space Command Headquarters | Biden reversed a controversial decision to relocate the U.S. Space Command to Alabama, but Trump is expected to follow through with his original plan.",,1478,0.93,353,a_Ninja_b0y,2024-11-12 06:51:22,1gpjzrx,1831,High
technology,Genetic Discrimination Is Coming for Us All,,799,0.94,94,gargage93,2024-11-12 09:31:32,1gpncnk,893,High
technology,"Apple illegally threatened workers over their talk about pay and remote work, feds charge",,1491,0.97,31,chrisdh79,2024-11-12 05:10:13,1gpibsb,1522,High
technology,Verizon hit by mass outage as internet goes down for millions of people,,2404,0.98,126,ScarlettPixl,2024-11-12 01:35:05,1gpfgxv,2530,High
technology,"TikTok and its owner ramped up their hiring from China, even as Congress raised national security concerns",,369,0.93,16,SportsGod3,2024-11-12 11:28:31,1gpq5xw,385,High
technology,Trump Already Preparing to Load Up Government with Pro-Crypto Officials,,5753,0.92,816,a_Ninja_b0y,2024-11-11 20:50:14,1gpasi8,6569,High
technology,"Netflix used to not have ads, now it’s ‘celebrating’ two years with them | The streaming service revealed that its cheaper, ad-supported tier hit 70 million monthly users just days ahead of the Mike Tyson vs. Jake Paul fight.",,440,0.87,153,chrisdh79,2024-11-12 09:56:59,1gpny12,593,High
technology,Pentagon leaker Jack Teixeira sentenced to 15 years in prison for sharing military secrets online,,108,0.9,26,NewSlinger,2024-11-12 15:12:26,1gpvnfi,134,High
technology,New instalment of renamed Ukrainian S.T.A.L.K.E.R. franchise faces likely ban in Russia,,456,0.92,52,duckanroll,2024-11-12 06:57:55,1gpk431,508,High
technology,"Ubisoft faces lawsuit for allegedly misleading players by shutting down The Crew | Filing claims games firm ""duped customers"" into purchasing title without knowledge servers could be turned off",,390,0.95,13,a_Ninja_b0y,2024-11-12 06:40:35,1gpjsxd,403,High
technology,"New York Times Tech Workers End Strike Without Deal, Citing Impact Their Absence Had on Election Night",,3495,0.93,334,cmaia1503,2024-11-11 18:50:41,1gp8d4p,3829,High
technology,The FTC’s ‘Click-to-Cancel’ rule for subscriptions is long overdue,,17584,0.97,333,CrankyBear,2024-11-11 11:58:18,1goyhu9,17917,High
technology,A disgruntled ex-Disney employee targeted former colleagues with DDoS attacks and hacked its menu system to change peanut allergen information,,233,0.93,24,Franco1875,2024-11-12 08:52:08,1gpmgkl,257,High
technology,Snowflake hackers identified and charged with stealing 50 billion AT&T records,,141,0.97,7,SportsGod3,2024-11-12 11:35:09,1gpqboe,148,High
technology,'Unskippable' ads to feature on Facebook and Instagram,,166,0.9,62,ardi62,2024-11-12 09:39:18,1gpnj5u,228,High
technology,"Salesforce is hiring 1,000 salespeople to sell AI tools that replace salespeople",,50,0.87,13,NoWeather1702,2024-11-12 15:42:51,1gpwdgb,63,High
technology,"Microsoft Edge is trying to forcefully get your Chrome tabs again | Microsoft has a history of tricks to get you to use Edge, and the latest one targets Chrome users once again.",,137,0.86,58,chrisdh79,2024-11-12 09:55:57,1gpnx5i,195,High
technology,This scientist treated her own cancer with viruses she grew in the lab,,2227,0.97,120,rchaudhary,2024-11-11 18:25:26,1gp7tqa,2347,High
technology,"We just can't stop leaving our trash everywhere. An object struck a satellite in Earth's orbit, leaving a hole | Mashable",,57,0.85,12,Anxious-Depth-7983,2024-11-12 14:24:32,1gpuh7m,69,High
technology,"Ubisoft sued for shutting down The Crew | The issue is, once again, about the difference between buying and licensing games",,242,0.9,65,chrisdh79,2024-11-12 05:16:45,1gpif6p,307,High
technology,Trump’s techno-libertarian dream team goes to Washington,,2057,0.9,296,caveatlector73,2024-11-11 17:10:12,1gp665k,2353,High
technology,The WIRED Guide to Protecting Yourself From Government Surveillance,,78,0.9,0,l30r4c,2024-11-12 10:52:39,1gppa99,78,High
technology,New thermal material provides 72% better cooling than conventional paste | It reduces the need for power-hungry cooling pumps and fans,,118,0.93,9,chrisdh79,2024-11-12 06:36:15,1gpjq2y,127,High
technology,"Free, open-source Photoshop alternative finally enters release candidate testing after 20 years — the transition from GIMP 2.x to GIMP 3.0 took two decades",,4249,0.98,300,gurugabrielpradipaka,2024-11-11 10:52:02,1gowt9m,4549,High
technology,How the federal government’s misinformation bill might impede freedom of speech,,19,0.81,6,Wagamaga,2024-11-12 15:20:17,1gpvu27,25,High
technology,Le Monde and several French newspapers sue X over 'neighboring rights' payments,,118,0.93,3,pierrepaul,2024-11-12 04:56:59,1gpi4nq,121,High
technology,"Waymo opens robotaxi service to anyone in Los Angeles, marking its largest expansion yet",,41,0.88,1,Puginator,2024-11-12 10:12:06,1gpoapl,42,High
technology,"Apple Gets EU Warning to Stop Geo-Blocking on App, ITunes Stores",,25,0.72,13,waozen,2024-11-12 12:46:34,1gps34a,38,High
technology,"Generative disinfo is real — you're just not the target, warns deepfake tracking nonprofit",,13,0.84,0,indig0sixalpha,2024-11-12 15:48:10,1gpwhxe,13,High
technology,A new era dawns. America’s tech bros now strut their stuff in the corridors of power,,7269,0.88,810,zsreport,2024-11-11 05:50:46,1goqf3u,8079,High
technology,Microsoft stealthily installs Windows 10 update to nag you to upgrade to Windows 11 – and not for the first time,,3083,0.95,371,gurugabrielpradipaka,2024-11-11 09:32:01,1gouw4q,3454,High
technology,VMware makes Workstation and Fusion free for everyone,,35,0.8,13,lurker_bee,2024-11-12 09:17:57,1gpn1gm,48,High
technology,"U.S. May Support ‘Global Surveillance’ Treaty Hated by Everyone but Authoritarian Governments | Privacy advocates, human rights groups, and multinational technology companies have all said the U.N.'s new cybercrime convention is a disaster waiting to happen.",,1379,0.97,31,chrisdh79,2024-11-11 12:54:57,1gozxgz,1410,High
technology,Apple receives EU warning to end ‘discriminatory’ geo-blocking practices / The iPhone maker’s pile of EU regulatory woes grows ever higher.,,22,0.78,2,a_Ninja_b0y,2024-11-12 11:37:40,1gpqduq,24,High
technology,"A Pixel 9 Pro Fold screen replacement costs more than a MacBook Air | iFixit now sells the inner screen part of Google’s $1,799 foldable for $1,199.",,35,0.8,5,chrisdh79,2024-11-12 07:42:59,1gpl00a,40,High
technology,'Solar Great Wall' aims to power Beijing and curb desertification by 2030,,9,0.85,1,Wagamaga,2024-11-12 14:51:17,1gpv4lr,10,High
technology,"Nintendo sues player who kept streaming pirated Switch games, taunted ‘I can do this all day’ ",,3360,0.95,274,a_Ninja_b0y,2024-11-11 06:26:33,1gor0b7,3634,High
technology,Giant telescope's own powerful radiation may have contributed to collapse | Mashable,,8,0.83,0,Anxious-Depth-7983,2024-11-12 14:46:08,1gpv02j,8,High
technology,"A Nigerian man living in the United Kingdom has been sentenced to 10 years for his role in a phishing scam that snatched more than $20 million from over 400 would-be home buyers in the US, including some savers who lost their entire nest eggs.",,1506,0.97,78,a_Ninja_b0y,2024-11-11 10:16:13,1govy0u,1584,High
technology,"Amazon confirms employee data breach, but says it’s limited to contact info",,23,0.78,3,lurker_bee,2024-11-12 09:05:22,1gpmr5j,26,High
technology,Waymo and Zoox Bring Self-Driving Cabs to More Cities,,9,0.72,3,Snowfish52,2024-11-12 13:35:13,1gpta3y,12,High
technology,80% Of Surveyed Businesses Don’t Have Plans For An AI-Related Crisis,,18,0.62,28,GL4389,2024-11-12 09:30:27,1gpnbod,46,High
technology,"D-Link says it won’t fix a serious security flaw affecting 60,000 older NAS devices",,206,0.96,10,a_Ninja_b0y,2024-11-11 20:21:55,1gpa8i4,216,High
technology,People Are Emptying Redbox Machines For Free Following Bankruptcy,,528,0.95,58,a_Ninja_b0y,2024-11-11 14:16:04,1gp1xru,586,High
technology,Toy maker Mattel is apologizing after sending out a run of Wicked branded toys with a link to a porn website on the box. ,,1005,0.93,101,a_Ninja_b0y,2024-11-11 09:55:42,1govg4b,1106,High
technology,Microsoft teams up with the Vatican to bring an AI experience of St Peter’s Basilica to the masses,,12,0.69,2,ivantos09,2024-11-12 08:39:13,1gpm6d0,14,High
technology,U.S. Advocates Urge White House Support for 'RISE' Initiative to Keep U.S. Ahead in 'Edge Science' - The Debrief,,411,0.93,68,missvocab,2024-11-11 13:26:02,1gp0pbp,479,High
technology,European Google rivals partner on search engine infrastructure to counter Big Tech,,60,0.86,34,TheArstaInventor,2024-11-11 23:47:09,1gpdy1t,94,High
technology,"A month after Switch emulator Ryujinx disappeared from the internet, Nintendo has seemingly taken ownership of its website",,1210,0.95,144,a_Ninja_b0y,2024-11-11 06:22:15,1goqxpq,1354,High
technology,Microsoft revives MSN brand in 2024 with fresh new logo,,327,0.89,92,Minimum_Reference941,2024-11-11 13:02:05,1gp043v,419,High
technology,"Ecosia and Qwant, two European search engines, join forces on an index to shrink reliance on Big Tech",,12,0.74,3,randolphquell,2024-11-12 06:53:01,1gpk0vy,15,High
technology,Where Biden’s voluntary AI commitments go from here,,3,0.71,1,Budget_Gene7093,2024-11-12 15:49:06,1gpwipt,4,Medium
technology,"Apple illegally threatened workers over their talk about pay and remote work, feds charge",,7189,0.97,170,QuantumDriveRocket,2024-11-10 19:32:54,1gogo9r,7359,High
technology,SpaceX wants to test refueling Starships in space early next year,,93,0.77,17,upyoars,2024-11-11 18:23:57,1gp7spa,110,High
technology,FTX is suing Binance to recover nearly $1.8 billion / The FTX estate alleges the funds were fraudulently transferred by Sam Bankman-Fried.,,357,0.94,19,a_Ninja_b0y,2024-11-11 10:23:48,1gow4m6,376,High
technology,Is your air fryer spying on you? Concerns over ‘excessive’ surveillance in smart devices | UK consumer group Which? finds some everyday items including watches and speakers are ‘stuffed with trackers’,,50,0.76,13,Hrmbee,2024-11-11 20:29:20,1gpadoe,63,High
technology,"Record labels unhappy with court win, say ISP should pay more for user piracy | Music companies appeal, demanding payment for each song instead of each album.",,2,0.55,14,a_Ninja_b0y,2024-11-12 13:56:33,1gptsvq,16,High
technology,Duolingo put its sarcastic teen chatbot to work on its earnings call,,239,0.87,36,EntrepreneurMagazine,2024-11-11 11:38:21,1goxzw3,275,High
technology,"Breakthrough robot nails surgery like a human doctor after watching videos | The model can quickly train robots for diverse surgeries, from basic tasks to full procedures, advancing robotic medical capabilities.",,8,0.61,6,chrisdh79,2024-11-12 06:15:46,1gpjcvs,14,High
technology,"How Tech Created a ‘Recipe for Loneliness’ | Technology and loneliness are interlinked, researchers have found, stoked by the ways we interact with social media, text messaging and binge-watching.",,89,0.94,2,bllshrfv,2024-11-11 15:54:44,1gp4dgq,91,High
technology,Judge advances claim against Meta by Florida AG over kid safety,,0,0.5,1,BobbyLucero,2024-11-12 16:20:24,1gpx94f,1,Medium
technology,AI protein-prediction tool AlphaFold3 is now open source,,78,0.95,5,Vailhem,2024-11-11 16:27:31,1gp55uf,83,High
technology,Microsoft Hacked TP-Link Routers: TP-Link Routers at the Center of a Massive Botnet Targeting Azure Customers,,2,1.0,1,Many_Ad2927,2024-11-12 15:57:10,1gpwpms,3,Medium
technology,The US Has a Cloned Sheep Contraband Problem,,420,0.92,66,indig0sixalpha,2024-11-11 06:58:21,1gorktc,486,High
technology,Meta cuts the price of its ad-free plan by 40 percent in a bid to sate EU regulators,,0,0.44,1,mareacaspica,2024-11-12 14:51:23,1gpv4p6,1,Medium
technology,South Korean engineer smuggled out shopping bags full of secret SK hynix docs to give to Huawei,,4119,0.98,104,Logical_Welder3467,2024-11-10 17:23:09,1goe13k,4223,High
technology,Signal calls now work a lot more like Meet and Zoom,,9,0.67,0,ardi62,2024-11-12 01:52:44,1gpfpkg,9,High
technology,Intel Battlemage rumored for December – could new budget GPUs win over gamers neglected by Nvidia and save the Arc brand?,,55,0.8,27,Vailhem,2024-11-11 16:26:24,1gp54ut,82,High
technology,There are some things the Crew-8 astronauts aren’t ready to talk about,,1,0.51,9,AdSpecialist6598,2024-11-12 07:14:41,1gpkfu8,10,High
technology,“Halfway Between Order and Chaos”: New “Hurricanes of Light” Could Revolutionize Data Transmission and Communication,,3,0.62,1,Hashirama4AP,2024-11-12 09:16:10,1gpmzzn,4,Medium
technology,Yakuza creator Nagoshi says the era of game size being most important is coming to an end ,,273,0.91,59,a_Ninja_b0y,2024-11-11 06:32:42,1gor49b,332,High
technology,US ordered TSMC to halt shipments to China of chips used in AI: Source,,478,0.96,44,Vailhem,2024-11-11 03:18:30,1goo9dd,522,High
technology,LG Display’s stretchable screen is now even stretchier,,1,0.57,0,neverpost4,2024-11-12 12:44:47,1gps1jc,1,Medium
technology,Where is the CHIPS Act funding for Ohio's Intel plant?,,0,0.5,1,Vailhem,2024-11-12 12:42:29,1gprzhd,1,Medium
technology,Apple will let you share AirTag locations with others,,108,0.9,5,a_Ninja_b0y,2024-11-11 10:34:15,1gowdma,113,High
technology,"UserBenchmark faces backlash over Ryzen 7 9800X3D review, suggests 13600K and 14600K instead",,299,0.87,71,gurugabrielpradipaka,2024-11-11 04:55:13,1gopkq3,370,High
technology,Chinese scientists say they have made converged energy beam weapon a reality,,1192,0.88,172,Vailhem,2024-11-10 21:06:35,1goigfj,1364,High
technology,New Thermal Interface Material Could Cool Down Energy-Hungry Data Centers,,19,0.8,2,Vailhem,2024-11-11 19:40:17,1gp9eez,21,High
technology,Red Hat Announces Definitive Agreement to Acquire Neural Magic,,1,0.53,1,usernameisnull_,2024-11-12 07:12:13,1gpke3j,2,Medium
technology,NatWest blocks staff from using WhatsApp and Facebook Messenger,,2,0.54,12,l30r4c,2024-11-12 10:54:46,1gppc3z,14,High
technology,Google Chrome extensions remain a security risk as Manifest V3 fails to prevent data theft and malware exploitation,,189,0.79,28,a_Ninja_b0y,2024-11-11 06:12:48,1goqs3y,217,High
technology,Robot that watched surgery videos performs with skill of human doctor,,122,0.86,27,giuliomagnifico,2024-11-11 07:38:27,1gosdn9,149,High
technology,"Dirty tricks: Google lied and cheated, federal court judges in monopoly cases say",,3067,0.97,70,nosotros_road_sodium,2024-11-10 13:58:29,1go9ccd,3137,High
technology,Automated Weed Spraying Drone Needs No Human Intervention,,13,0.74,1,Aggravating_Set_8861,2024-11-11 18:35:25,1gp81m2,14,High
technology,"Netflix Ad Tier Hits 70M Monthly Users, Nearly Doubling In Six Months",,0,0.48,37,Magister_Xehanort,2024-11-12 08:27:37,1gplxcm,37,High
technology,Google’s AI ‘learning companion’ takes chatbot answers a step further,,2,0.56,0,whitechocobear,2024-11-12 04:16:21,1gphkya,2,Medium
technology,Satellite images and documents indicate China working on nuclear propulsion for new aircraft carrier,,210,0.95,11,Saltedline,2024-11-11 02:34:57,1gonoj6,221,High
technology,Audio AIs are trained on data full of bias and offensive language,,54,0.76,12,indig0sixalpha,2024-11-11 10:07:17,1govqd4,66,High
technology,"AI deepfakes threaten public trust, warns Media Medic",,53,0.82,7,Wagamaga,2024-11-11 10:04:52,1govo8q,60,High
technology,Torso: New creepy humanoid robot with water-powered muscles unveiled,,80,0.88,22,AdSpecialist6598,2024-11-11 07:39:20,1goseaz,102,High
technology,"AI-generated images creating unrealistic expectations, hairdressers say",,369,0.85,54,CookMotor,2024-11-10 22:46:44,1gok875,423,High
technology,"How a stubborn computer scientist accidentally launched the deep learning boom | ""You’ve taken this idea way too far,"" a mentor told Prof. Fei-Fei Li.",,86,0.91,1,chrisdh79,2024-11-11 06:28:28,1gor1k4,87,High
technology,Microsoft persuades Mail and Calendar users to migrate to Outlook — app will cease to work after December 31,,77,0.87,54,waozen,2024-11-11 06:41:10,1gor9js,131,High
